Workbook

Sheet صورت وضعیت پروژه
B1: فهرست آیتم‌های قرارداد
B3: نام پروژه : | F3: شماره قرارداد :
B4: موضوع قرارداد : | F4: تاریخ قرارداد : | H4: (مثلاً ۱۴۰۵/۰۲/۰۶)
B5: کارفرما : | F5: نام پیمانکار | G5: شرکت
F6: (نام شرکت پیمانکار)
B8: شماره آیتم قرارداد | C8: شرح آیتم قرارداد | D8: نوع | E8: مقدار | F8: واحد | G8: فی | H8: مبلغ
B9: 1 | H9: =IF(OR(E9="",G9=""),"",E9*G9)
B10: 2 | H10: =IF(OR(E10="",G10=""),"",E10*G10)
B11: 3 | H11: =IF(OR(E11="",G11=""),"",E11*G11)
B12: 4 | H12: =IF(OR(E12="",G12=""),"",E12*G12)
B13: 5 | H13: =IF(OR(E13="",G13=""),"",E13*G13)
B14: 6 | H14: =IF(OR(E14="",G14=""),"",E14*G14)
B15: 7 | H15: =IF(OR(E15="",G15=""),"",E15*G15)
B16: 8 | H16: =IF(OR(E16="",G16=""),"",E16*G16)
B17: 9 | H17: =IF(OR(E17="",G17=""),"",E17*G17)
B18: 10 | H18: =IF(OR(E18="",G18=""),"",E18*G18)
B19: 11 | H19: =IF(OR(E19="",G19=""),"",E19*G19)
B20: 12 | H20: =IF(OR(E20="",G20=""),"",E20*G20)
... B38: 30 | H38: =IF(OR(E38="",G38=""),"",E38*G38)
B39: مازاد بر قرارداد (1) | H39: =IF(OR(E39="",G39=""),"",E39*G39)
B40: مازاد بر قرارداد (2) | H40: =IF(OR(E40="",G40=""),"",E40*G40)
B41: مازاد بر قرارداد (3) | H41: =IF(OR(E41="",G41=""),"",E41*G41)
B42: مازاد بر قرارداد (4) | H42: =IF(OR(E42="",G42=""),"",E42*G42)
B43: مازاد بر قرارداد (5) | H43: =IF(OR(E43="",G43=""),"",E43*G43)
B44: مازاد بر قرارداد (6) | H44: =IF(OR(E44="",G44=""),"",E44*G44)
B45: مازاد بر قرارداد (7) | H45: =IF(OR(E45="",G45=""),"",E45*G45)
B46: مازاد بر قرارداد (8) | H46: =IF(OR(E46="",G46=""),"",E46*G46)
B47: مازاد بر قرارداد (9) | H47: =IF(OR(E47="",G47=""),"",E47*G47)
B48: مازاد بر قرارداد (10) | H48: =IF(OR(E48="",G48=""),"",E48*G48)
B49: جمع کل | G49: =SUMPRODUCT(--(LEFT(B9:B48,5)<>"مازاد"),H9:H48)
B50: تخفیف | H50: ← مبلغ تخفیف کل قرارداد (اختیاری، ریال)

Sheet ریزمتر
A1: ریزمتره (اختیاری — مقدار انجام‌شدهٔ هر آیتم در هر صورت وضعیت)
A3: دوره کارکرد : | D3: (مثلاً ۱۴۰۵/۰۴/۲۲-۱۴۰۵/۰۶/۰۶ — دورهٔ آخرین صورت وضعیت)
A5: آیتم قرارداد | B5: شماره صورت وضعیت | C5: تاریخ انجام | D5: شرح آیتم قرارداد | E5: مقدار انجام شده | F5: فی | G5: مبلغ | H5: توضیحات
D6: =IF(A6="","",IFERROR(VLOOKUP(A6,'صورت وضعیت پروژه'!$B$9:$G$48,2,0),"؟ آیتم پیدا نشد")) | F6: =IF(A6="","",IFERROR(VLOOKUP(A6,'صورت وضعیت پروژه'!$B$9:$G$48,6,0),"")) | G6: =IF(OR(E6="",F6=""),"",E6*F6)
D7: =IF(A7="","",IFERROR(VLOOKUP(A7,'صورت وضعیت پروژه'!$B$9:$G$48,2,0),"؟ آیتم پیدا نشد")) | F7: =IF(A7="","",IFERROR(VLOOKUP(A7,'صورت وضعیت پروژه'!$B$9:$G$48,6,0),"")) | G7: =IF(OR(E7="",F7=""),"",E7*F7)
D8: =IF(A8="","",IFERROR(VLOOKUP(A8,'صورت وضعیت پروژه'!$B$9:$G$48,2,0),"؟ آیتم پیدا نشد")) | F8: =IF(A8="","",IFERROR(VLOOKUP(A8,'صورت وضعیت پروژه'!$B$9:$G$48,6,0),"")) | G8: =IF(OR(E8="",F8=""),"",E8*F8)
D9: =IF(A9="","",IFERROR(VLOOKUP(A9,'صورت وضعیت پروژه'!$B$9:$G$48,2,0),"؟ آیتم پیدا نشد")) | F9: =IF(A9="","",IFERROR(VLOOKUP(A9,'صورت وضعیت پروژه'!$B$9:$G$48,6,0),"")) | G9: =IF(OR(E9="",F9=""),"",E9*F9)
D10: =IF(A10="","",IFERROR(VLOOKUP(A10,'صورت وضعیت پروژه'!$B$9:$G$48,2,0),"؟ آیتم پیدا نشد")) | F10: =IF(A10="","",IFERROR(VLOOKUP(A10,'صورت وضعیت پروژه'!$B$9:$G$48,6,0),"")) | G10: =IF(OR(E10="",F10=""),"",E10*F10)
D11: =IF(A11="","",IFERROR(VLOOKUP(A11,'صورت وضعیت پروژه'!$B$9:$G$48,2,0),"؟ آیتم پیدا نشد")) | F11: =IF(A11="","",IFERROR(VLOOKUP(A11,'صورت وضعیت پروژه'!$B$9:$G$48,6,0),"")) | G11: =IF(OR(E11="",F11=""),"",E11*F11)
D12: =IF(A12="","",IFERROR(VLOOKUP(A12,'صورت وضعیت پروژه'!$B$9:$G$48,2,0),"؟ آیتم پیدا نشد")) | F12: =IF(A12="","",IFERROR(VLOOKUP(A12,'صورت وضعیت پروژه'!$B$9:$G$48,6,0),"")) | G12: =IF(OR(E12="",F12=""),"",E12*F12)
D13: =IF(A13="","",IFERROR(VLOOKUP(A13,'صورت وضعیت پروژه'!$B$9:$G$48,2,0),"؟ آیتم پیدا نشد")) | F13: =IF(A13="","",IFERROR(VLOOKUP(A13,'صورت وضعیت پروژه'!$B$9:$G$48,6,0),"")) | G13: =IF(OR(E13="",F13=""),"",E13*F13)
D14: =IF(A14="","",IFERROR(VLOOKUP(A14,'صورت وضعیت پروژه'!$B$9:$G$48,2,0),"؟ آیتم پیدا نشد")) | F14: =IF(A14="","",IFERROR(VLOOKUP(A14,'صورت وضعیت پروژه'!$B$9:$G$48,6,0),"")) | G14: =IF(OR(E14="",F14=""),"",E14*F14)
D15: =IF(A15="","",IFERROR(VLOOKUP(A15,'صورت وضعیت پروژه'!$B$9:$G$48,2,0),"؟ آیتم پیدا نشد")) | F15: =IF(A15="","",IFERROR(VLOOKUP(A15,'صورت وضعیت پروژه'!$B$9:$G$48,6,0),"")) | G15: =IF(OR(E15="",F15=""),"",E15*F15)
D16: =IF(A16="","",IFERROR(VLOOKUP(A16,'صورت وضعیت پروژه'!$B$9:$G$48,2,0),"؟ آیتم پیدا نشد")) | F16: =IF(A16="","",IFERROR(VLOOKUP(A16,'صورت وضعیت پروژه'!$B$9:$G$48,6,0),"")) | G16: =IF(OR(E16="",F16=""),"",E16*F16)
D17: =IF(A17="","",IFERROR(VLOOKUP(A17,'صورت وضعیت پروژه'!$B$9:$G$48,2,0),"؟ آیتم پیدا نشد")) | F17: =IF(A17="","",IFERROR(VLOOKUP(A17,'صورت وضعیت پروژه'!$B$9:$G$48,6,0),"")) | G17: =IF(OR(E17="",F17=""),"",E17*F17)
... D205: =IF(A205="","",IFERROR(VLOOKUP(A205,'صورت وضعیت پروژه'!$B$9:$G$48,2,0),"؟ آیتم پیدا نشد")) | F205: =IF(A205="","",IFERROR(VLOOKUP(A205,'صورت وضعیت پروژه'!$B$9:$G$48,6,0),"")) | G205: =IF(OR(E205="",F205=""),"",E205*F205)

Sheet راهنما
A1: راهنمای پر کردن فایل
A3: ۱. در برگهٔ «صورت وضعیت پروژه» فقط خانه‌های کرم‌رنگ را پر کنید؛ ستون «مبلغ» خودکار حساب می‌شود.
A5: ۲. ردیف‌های ۱ تا ۳۰ آیتم‌های اصلی قرارداد و ردیف‌های «مازاد بر قرارداد (n)» کارهای اضافه‌اند. ردیف خالی وارد نمی‌شود.
A7: ۳. «نوع»: فروش / تأمین (بدون بیمه) — نصب (مشمول بیمهٔ ۱۶٫۶۷٪) — سایر. اگر خالی بماند از روی شرح حدس زده می‌شود.
A9: ۴. «فی» و «مبلغ» به ریال. «مقدار» می‌تواند اعشاری باشد (مثلاً 249.89).
A11: ۵. «تخفیف»: مبلغ کل تخفیف قرارداد به ریال (اختیاری). درصد تخفیف خودکار از آن حساب می‌شود.
A13: ۶. برگهٔ «ریزمتر» اختیاری است: شمارهٔ آیتم (همان ستون اول برگهٔ قبل، مثل 3 یا «مازاد بر قرارداد (1)»)، شمارهٔ صورت وضعیت، تاریخ شمسی و مقدار انجام‌شده.
A15: اگر شمارهٔ صورت وضعیت را «قطعی» بنویسید، آن ردیف‌ها صورت وضعیت بعدی و قطعی می‌شوند.
A17: ۷. در LifeOS: پروژه › اطلاعات مالی › آیتم‌های قرارداد › «📥 ورود از اکسل» و همین فایل را انتخاب کنید.
A19: نام برگه‌ها و عنوان ستون‌ها را تغییر ندهید؛ ستون‌ها از روی عنوانشان پیدا می‌شوند.
